{
    "auc": 0.9201476456504389,
    "log_loss": 0.2006690888678845,
    "precision_at_10": 0.8,
    "ndcg": 0.8989160429422016,
    "map": 0.5743055197350863
}